{
  "timestamp": "2025-05-19T07:52:50.895Z",
  "results": [
    {
      "name": "Beat Detection",
      "iterations": 3,
      "average": 54.43509100000006,
      "median": 53.04402600000003,
      "min": 49.54031900000018,
      "max": 60.72092799999996,
      "measurements": [
        60.72092799999996,
        53.04402600000003,
        49.54031900000018
      ]
    },
    {
      "name": "Waveform Generation",
      "iterations": 3,
      "average": 54.578067333333365,
      "median": 56.01430800000003,
      "min": 49.274553000000196,
      "max": 58.44534099999987,
      "measurements": [
        56.01430800000003,
        49.274553000000196,
        58.44534099999987
      ]
    },
    {
      "name": "Frequency Analysis",
      "iterations": 3,
      "average": 55.54632033333337,
      "median": 53.389955999999984,
      "min": 46.999565000000075,
      "max": 66.24944000000005,
      "measurements": [
        66.24944000000005,
        53.389955999999984,
        46.999565000000075
      ]
    }
  ]
}