{
  "timestamp": "2025-05-19T07:52:50.443Z",
  "results": [
    {
      "name": "EDL Generation",
      "iterations": 5,
      "average": 0.05394560000004276,
      "median": 0.010547000000087792,
      "min": 0.007679000000052838,
      "max": 0.19662399999992886,
      "measurements": [
        0.19662399999992886,
        0.04575599999998303,
        0.009122000000161279,
        0.007679000000052838,
        0.010547000000087792
      ]
    },
    {
      "name": "XML Export",
      "iterations": 5,
      "average": 0.05885579999999209,
      "median": 0.02418800000009469,
      "min": 0.011326000000053682,
      "max": 0.1486579999998412,
      "measurements": [
        0.1486579999998412,
        0.017092999999931635,
        0.09301400000003923,
        0.02418800000009469,
        0.011326000000053682
      ]
    },
    {
      "name": "Edit Optimization",
      "iterations": 5,
      "average": 0.027527799999961643,
      "median": 0.01287600000000566,
      "min": 0.004222999999910826,
      "max": 0.08650299999999334,
      "measurements": [
        0.08650299999999334,
        0.01287600000000566,
        0.026818999999932203,
        0.007217999999966196,
        0.004222999999910826
      ]
    }
  ]
}