{
  "timestamp": "2025-05-19T07:52:51.771Z",
  "results": [
    {
      "name": "Frame Extraction",
      "iterations": 3,
      "average": 200.39795366666658,
      "median": 200.37930800000004,
      "min": 200.36094599999979,
      "max": 200.45360699999992,
      "measurements": [
        200.45360699999992,
        200.37930800000004,
        200.36094599999979
      ]
    },
    {
      "name": "Scene Detection",
      "iterations": 3,
      "average": 100.22347933333337,
      "median": 100.21992599999976,
      "min": 100.18404600000031,
      "max": 100.26646600000004,
      "measurements": [
        100.21992599999976,
        100.26646600000004,
        100.18404600000031
      ]
    },
    {
      "name": "Thumbnail Generation",
      "iterations": 3,
      "average": 150.35325099999986,
      "median": 150.34744599999976,
      "min": 150.34245499999997,
      "max": 150.3698519999998,
      "measurements": [
        150.3698519999998,
        150.34245499999997,
        150.34744599999976
      ]
    }
  ]
}