{
  "timestamp": "2025-05-19T07:52:50.777Z",
  "results": [
    {
      "name": "FFmpeg.wasm Loading",
      "iterations": 5,
      "average": 0.14965879999995196,
      "median": 0.0695379999999659,
      "min": 0.04663599999980761,
      "max": 0.3688919999999598,
      "measurements": [
        0.3688919999999598,
        0.20115099999998165,
        0.06207700000004479,
        0.04663599999980761,
        0.0695379999999659
      ]
    },
    {
      "name": "OpenCV.js Loading",
      "iterations": 5,
      "average": 0.009987799999953495,
      "median": 0.0025490000000445434,
      "min": 0.0021309999999630236,
      "max": 0.037407999999913955,
      "measurements": [
        0.037407999999913955,
        0.005655999999817141,
        0.0025490000000445434,
        0.002195000000028813,
        0.0021309999999630236
      ]
    },
    {
      "name": "Web Audio API Initialization",
      "iterations": 5,
      "average": 0.07257540000000517,
      "median": 0.051197999999885724,
      "min": 0.04462499999999636,
      "max": 0.16904900000008638,
      "measurements": [
        0.16904900000008638,
        0.051197999999885724,
        0.05307100000004539,
        0.04493400000001202,
        0.04462499999999636
      ]
    }
  ]
}